<?xml version="1.0" encoding="UTF-8"?>
<Configuration status="WARN" strict="true">

    <Properties>
        <!-- 本地开发时这个路径替换成自己的本地路径 -->
        <Property name="local.logging.path">C:/logs</Property>
        <Property name="project.name">spring-boot-logging-log4j2</Property>

        <Property name="logging.file.path">${local.logging.path}/${project.name}</Property>
        <Property name="logging.file.name">${sys:logging.file.path}/${project.name}.log</Property>
        <Property name="logging.file.warn.name">${sys:logging.file.path}/${project.name}-warn.log</Property>
        <Property name="logging.file.error.name">${sys:logging.file.path}/${project.name}-error.log</Property>

        <Property name="layout">%d %p [%t] %c{10}:%M:%L %X{traceId,0} %m%n</Property>
    </Properties>

    <Appenders>
        <Console name="Console" target="SYSTEM_OUT">
            <PatternLayout pattern="${layout}"/>
        </Console>

        <RollingRandomAccessFile name="RollingRandomAccessFile"
                                 immediateFlush="true" fileName="${logging.file.name}"
                                 filePattern="${logging.file.name}-%d{yyyy-MM-dd-HH}">
            <PatternLayout pattern="${layout}"/>
            <ThresholdFilter level="debug"/>
            <TimeBasedTriggeringPolicy/>
        </RollingRandomAccessFile>

        <RollingRandomAccessFile name="RollingRandomAccessFileWarn"
                                 immediateFlush="true" fileName="${logging.file.warn.name}"
                                 filePattern="${logging.file.warn.name}-%d{yyyy-MM-dd}">
            <PatternLayout pattern="${layout}"/>
            <ThresholdFilter level="warn"/>
            <TimeBasedTriggeringPolicy/>
        </RollingRandomAccessFile>

        <RollingRandomAccessFile name="RollingRandomAccessFileError"
                                 immediateFlush="true" fileName="${logging.file.error.name}"
                                 filePattern="${logging.file.error.name}-%d{yyyy-MM-dd}">
            <PatternLayout pattern="${layout}"/>
            <ThresholdFilter level="error"/>
            <TimeBasedTriggeringPolicy/>
        </RollingRandomAccessFile>

    </Appenders>

    <Loggers>

        <Logger name="org.springframework" level="info"/>

        <!-- 级别为debug以上，additivity是附加的意思，表示当前logger输出的日志是否要输出到更高级别的日志文件中，默认为true -->
        <logger name="com.rhwayfun.springboot" level="debug" additivity="true"/>

        <Root level="info">
            <AppenderRef ref="Console"/>
            <AppenderRef ref="RollingRandomAccessFile"/>
            <AppenderRef ref="RollingRandomAccessFileWarn"/>
            <AppenderRef ref="RollingRandomAccessFileError"/>
        </Root>

    </Loggers>
</Configuration>